sub_category_id,product_id
2,1
4,1
8,1
12,1
15,1
18,1
3,2
4,2
8,2
12,2
15,2
19,2
3,3
4,3
8,3
13,3
15,3
18,3
3,4
4,4
8,4
12,4
18,4
3,5
4,5
8,5
12,5
19,5
3,6
4,6
8,6
12,6
19,6
3,7
4,7
8,7
12,7
18,7
3,8
4,8
8,8
12,8
19,8
3,9
4,9
8,9
12,9
19,9
3,10
5,10
8,10
12,10
19,10
3,11
5,11
8,11
12,11
19,11
3,12
4,12
8,12
12,12
15,12
19,12
3,13
4,13
8,13
12,13
15,13
19,13
3,14
4,14
8,14
12,14
15,14
19,14
3,15
4,15
8,15
12,15
14,15
19,15
3,16
5,16
8,16
12,16
15,16
19,16
3,17
5,17
8,17
12,17
15,17
19,17
3,18
5,18
8,18
12,18
15,18
19,18
3,19
5,19
8,19
13,19
15,19
19,19
3,20
5,20
8,20
13,20
15,20
19,20
3,21
5,21
8,21
13,21
15,21
19,21
3,22
5,22
8,22
12,22
15,22
19,22
3,23
5,23
8,23
12,23
15,23
19,23
3,24
5,24
8,24
12,24
15,24
19,24
3,25
5,25
8,25
12,25
15,25
19,25
3,26
5,26
8,26
13,26
15,26
19,26
3,27
5,27
8,27
13,27
15,27
19,27
3,28
5,28
8,28
13,28
15,28
19,28
3,29
5,29
9,29
12,29
15,29
19,29
3,30
5,30
9,30
12,30
15,30
19,30
3,31
5,31
9,31
12,31
15,31
19,31
3,32
5,32
9,32
13,32
15,32
19,32
3,33
5,33
9,33
13,33
15,33
19,33
3,34
5,34
9,34
13,34
15,34
19,34
3,35
5,35
9,35
13,35
15,35
19,35
3,36
5,36
9,36
12,36
15,36
19,36
3,37
6,37
8,37
13,37
15,37
19,37
3,38
6,38
9,38
12,38
19,38
3,39
6,39
9,39
13,39
15,39
19,39
3,40
6,40
9,40
13,40
15,40
19,40
3,41
4,41
8,41
11,41
14,41
17,41
2,42
4,42
8,42
11,42
14,42
18,42
2,43
4,43
8,43
11,43
14,43
18,43
3,44
4,44
8,44
11,44
18,44
3,45
4,45
8,45
12,45
18,45
3,46
4,46
8,46
12,46
15,46
18,46
2,47
7,47
10,47
13,47
16,47
19,47
3,48
7,48
9,48
13,48
16,48
19,48
3,49
7,49
9,49
13,49
16,49
19,49
3,50
7,50
9,50
13,50
16,50
19,50
3,51
7,51
9,51
13,51
16,51
19,51
3,52
7,52
10,52
13,52
16,52
19,52
3,53
6,53
9,53
12,53
15,53
19,53
1,54
4,54
8,54
12,54
16,54
18,54
2,55
6,55
9,55
13,55
15,55
19,55
2,56
4,56
8,56
11,56
14,56
17,56
2,57
4,57
9,57
12,57
15,57
18,57
2,58
6,58
10,58
12,58
16,58
19,58
3,59
6,59
10,59
13,59
16,59
19,59
1,60
4,60
8,60
11,60
14,60
18,60
1,61
4,61
8,61
12,61
15,61
17,61
1,62
4,62
8,62
13,62
15,62
17,62
1,63
5,63
8,63
12,63
15,63
19,63
2,64
4,64
8,64
12,64
15,64
19,64
2,65
4,65
8,65
12,65
15,65
18,65
2,66
5,66
8,66
12,66
14,66
18,66
2,67
6,67
8,67
12,67
15,67
19,67
2,68
5,68
8,68
12,68
15,68
19,68
3,69
6,69
9,69
12,69
15,69
19,69
3,70
6,70
9,70
13,70
16,70
19,70
3,71
6,71
9,71
13,71
16,71
19,71
2,72
5,72
8,72
12,72
15,72
19,72
3,73
6,73
9,73
12,73
15,73
19,73
3,74
6,74
9,74
13,74
15,74
19,74
2,75
5,75
8,75
12,75
15,75
19,75
3,76
6,76
9,76
13,76
15,76
19,76
3,77
6,77
9,77
13,77
15,77
19,77
2,78
5,78
10,78
13,78
15,78
19,78
2,79
6,79
10,79
13,79
15,79
19,79
2,80
6,80
10,80
13,80
15,80
19,80
2,81
6,81
10,81
13,81
15,81
19,81
3,82
6,82
10,82
13,82
15,82
19,82
3,83
6,83
9,83
13,83
15,83
19,83
1,84
4,84
8,84
13,84
15,84
19,84
2,85
4,85
9,85
13,85
15,85
18,85
2,86
5,86
9,86
13,86
15,86
19,86
2,87
5,87
10,87
13,87
15,87
19,87
2,88
5,88
9,88
13,88
15,88
19,88
2,89
6,89
9,89
13,89
15,89
19,89
2,90
6,90
10,90
13,90
16,90
19,90
2,91
4,91
8,91
12,91
14,91
18,91
3,92
6,92
9,92
13,92
15,92
19,92
3,93
6,93
9,93
13,93
15,93
19,93
3,94
6,94
10,94
13,94
15,94
19,94
3,95
6,95
9,95
13,95
15,95
19,95
3,96
6,96
9,96
13,96
15,96
19,96
3,97
6,97
9,97
13,97
15,97
19,97
2,98
6,98
9,98
13,98
15,98
19,98
2,99
6,99
10,99
13,99
15,99
19,99
2,100
6,100
9,100
12,100
15,100
19,100
2,101
6,101
9,101
13,101
15,101
19,101
2,102
6,102
10,102
13,102
15,102
19,102
2,103
4,103
9,103
13,103
15,103
18,103
2,104
6,104
9,104
13,104
15,104
19,104
3,105
6,105
9,105
13,105
15,105
19,105
3,106
6,106
9,106
13,106
15,106
19,106
1,107
4,107
8,107
13,107
15,107
18,107
1,108
4,108
8,108
13,108
15,108
17,108
1,109
4,109
8,109
13,109
15,109
18,109
1,110
4,110
9,110
13,110
15,110
18,110
1,111
4,111
9,111
13,111
16,111
18,111
1,112
4,112
8,112
13,112
16,112
18,112
2,113
5,113
9,113
13,113
15,113
18,113
2,114
6,114
9,114
13,114
15,114
19,114
2,115
4,115
9,115
13,115
15,115
18,115
2,116
5,116
9,116
13,116
15,116
19,116
1,117
4,117
8,117
13,117
16,117
18,117
1,118
4,118
8,118
13,118
15,118
18,118
2,119
6,119
9,119
13,119
15,119
19,119
2,120
5,120
9,120
13,120
15,120
19,120
2,121
6,121
9,121
13,121
15,121
19,121
2,122
4,122
9,122
13,122
15,122
18,122
2,123
5,123
9,123
13,123
15,123
19,123
2,124
6,124
9,124
13,124
15,124
19,124
2,125
5,125
9,125
13,125
15,125
18,125
2,126
6,126
10,126
13,126
15,126
19,126
2,127
6,127
10,127
13,127
15,127
19,127
2,128
6,128
9,128
13,128
15,128
19,128
2,129
6,129
10,129
13,129
15,129
19,129
1,130
4,130
9,130
13,130
15,130
18,130
2,131
5,131
10,131
13,131
15,131
19,131
1,132
4,132
8,132
13,132
15,132
18,132
1,133
4,133
8,133
13,133
15,133
17,133
1,134
4,134
8,134
13,134
15,134
18,134
2,135
6,135
10,135
13,135
15,135
19,135
2,136
6,136
9,136
13,136
15,136
19,136
2,137
6,137
10,137
13,137
15,137
19,137
2,138
6,138
10,138
13,138
15,138
19,138
3,139
6,139
9,139
13,139
15,139
19,139
3,140
6,140
9,140
13,140
15,140
19,140
3,141
6,141
9,141
13,141
15,141
19,141
2,142
6,142
9,142
13,142
15,142
19,142
2,143
6,143
9,143
13,143
15,143
19,143
2,144
6,144
9,144
13,144
15,144
19,144
2,145
6,145
9,145
13,145
15,145
19,145
2,146
6,146
9,146
13,146
15,146
19,146
3,147
6,147
9,147
13,147
15,147
19,147
2,148
6,148
9,148
13,148
15,148
19,148
2,149
6,149
9,149
13,149
15,149
19,149
3,150
6,150
9,150
13,150
15,150
19,150
2,151
6,151
10,151
13,151
15,151
19,151
2,152
6,152
10,152
13,152
15,152
19,152
2,153
6,153
10,153
13,153
15,153
19,153
2,154
6,154
10,154
13,154
15,154
19,154
2,155
6,155
9,155
13,155
15,155
19,155
2,156
6,156
10,156
13,156
15,156
19,156
2,157
4,157
9,157
13,157
15,157
19,157
2,158
5,158
9,158
13,158
15,158
19,158
2,159
4,159
9,159
13,159
15,159
19,159
2,160
5,160
9,160
13,160
15,160
19,160
2,161
6,161
9,161
13,161
15,161
19,161
2,162
5,162
9,162
13,162
15,162
19,162
2,163
4,163
9,163
13,163
15,163
18,163
2,164
5,164
10,164
13,164
15,164
19,164
2,165
6,165
10,165
13,165
15,165
19,165
2,166
6,166
10,166
13,166
15,166
19,166
2,167
6,167
9,167
13,167
15,167
19,167
2,168
5,168
9,168
13,168
15,168
19,168
2,169
4,169
9,169
13,169
15,169
19,169
2,170
6,170
10,170
13,170
15,170
19,170
1,171
4,171
8,171
11,171
14,171
17,171
1,172
4,172
8,172
11,172
15,172
17,172
1,173
4,173
8,173
11,173
15,173
17,173
1,174
4,174
8,174
12,174
15,174
17,174
1,175
4,175
8,175
13,175
15,175
17,175
1,176
4,176
8,176
13,176
15,176
17,176
1,177
4,177
8,177
13,177
15,177
17,177
1,178
4,178
8,178
12,178
15,178
17,178
1,179
4,179
8,179
13,179
15,179
18,179
1,180
4,180
8,180
13,180
15,180
17,180
2,181
4,181
8,181
13,181
15,181
17,181
1,182
4,182
8,182
12,182
15,182
17,182
1,183
4,183
8,183
12,183
14,183
17,183
1,184
4,184
8,184
11,184
14,184
18,184
2,185
6,185
10,185
13,185
15,185
19,185
2,186
4,186
9,186
13,186
15,186
19,186
1,187
4,187
8,187
13,187
15,187
18,187
1,188
4,188
8,188
13,188
15,188
17,188
2,189
6,189
8,189
13,189
15,189
19,189
3,190
6,190
9,190
13,190
15,190
19,190
3,191
6,191
10,191
13,191
15,191
19,191
3,192
6,192
10,192
13,192
16,192
19,192
1,193
4,193
8,193
13,193
15,193
17,193
1,194
5,194
8,194
13,194
15,194
18,194
1,195
4,195
8,195
13,195
15,195
17,195
3,196
6,196
10,196
13,196
15,196
19,196
3,197
5,197
9,197
13,197
15,197
19,197
3,198
6,198
10,198
13,198
15,198
19,198
1,199
4,199
8,199
12,199
15,199
17,199
1,200
4,200
8,200
11,200
14,200
17,200
1,201
4,201
8,201
13,201
15,201
18,201
1,202
5,202
8,202
13,202
15,202
18,202
1,203
4,203
8,203
13,203
15,203
17,203
2,204
5,204
10,204
13,204
15,204
19,204
2,205
5,205
9,205
13,205
15,205
19,205
2,206
6,206
9,206
13,206
15,206
19,206
2,207
6,207
9,207
13,207
15,207
19,207
2,208
6,208
9,208
13,208
15,208
19,208
3,209
6,209
10,209
13,209
15,209
19,209
3,210
6,210
10,210
13,210
15,210
19,210
2,211
6,211
9,211
13,211
15,211
19,211
3,212
6,212
9,212
13,212
15,212
19,212
3,213
6,213
9,213
13,213
15,213
19,213
3,214
6,214
10,214
13,214
15,214
19,214
2,215
5,215
10,215
13,215
15,215
19,215
2,216
4,216
8,216
13,216
15,216
18,216
1,217
4,217
8,217
13,217
15,217
18,217
1,218
4,218
9,218
13,218
15,218
18,218
1,219
4,219
8,219
13,219
15,219
17,219
1,220
4,220
8,220
13,220
15,220
18,220
1,221
4,221
9,221
13,221
15,221
18,221
2,222
6,222
10,222
12,222
15,222
19,222
2,223
5,223
10,223
13,223
15,223
19,223
2,224
6,224
10,224
13,224
15,224
19,224
3,225
6,225
10,225
13,225
15,225
19,225
2,226
5,226
9,226
13,226
15,226
19,226
2,227
4,227
9,227
13,227
15,227
19,227
1,228
4,228
9,228
13,228
15,228
18,228
2,229
4,229
9,229
13,229
15,229
19,229
1,230
4,230
9,230
13,230
15,230
18,230
2,231
5,231
9,231
13,231
15,231
19,231
2,232
4,232
9,232
13,232
15,232
18,232
2,233
4,233
10,233
13,233
16,233
18,233
2,234
4,234
9,234
13,234
15,234
18,234
2,235
4,235
9,235
13,235
15,235
18,235
2,236
4,236
9,236
13,236
15,236
18,236
2,237
5,237
9,237
13,237
15,237
19,237
2,238
4,238
9,238
13,238
15,238
18,238
2,239
4,239
9,239
13,239
15,239
19,239
2,240
5,240
10,240
13,240
16,240
19,240
2,241
6,241
9,241
13,241
15,241
19,241
2,242
5,242
9,242
13,242
15,242
19,242
2,243
5,243
9,243
12,243
15,243
19,243
2,244
5,244
10,244
13,244
15,244
19,244
2,245
5,245
10,245
13,245
15,245
19,245
2,246
6,246
9,246
13,246
15,246
19,246
2,247
6,247
9,247
13,247
15,247
19,247
2,248
5,248
9,248
13,248
15,248
19,248
2,249
5,249
10,249
13,249
15,249
19,249
2,250
6,250
9,250
13,250
15,250
19,250
3,251
6,251
10,251
13,251
15,251
19,251
2,252
6,252
9,252
13,252
15,252
19,252
2,253
5,253
10,253
13,253
15,253
19,253
2,254
4,254
8,254
12,254
15,254
18,254
3,255
6,255
9,255
13,255
15,255
19,255
1,256
4,256
8,256
12,256
14,256
17,256
1,257
4,257
8,257
13,257
16,257
18,257
1,258
4,258
8,258
13,258
16,258
17,258
2,259
4,259
9,259
13,259
15,259
18,259
2,260
4,260
9,260
13,260
16,260
18,260
2,261
5,261
9,261
13,261
16,261
19,261
2,262
5,262
9,262
13,262
15,262
19,262
3,263
6,263
10,263
13,263
16,263
19,263
2,264
5,264
9,264
13,264
15,264
19,264
3,265
5,265
9,265
13,265
15,265
19,265
2,266
5,266
10,266
13,266
16,266
18,266
2,267
5,267
10,267
13,267
16,267
19,267
3,268
6,268
10,268
13,268
16,268
19,268
2,269
6,269
9,269
13,269
15,269
19,269
2,270
6,270
9,270
13,270
15,270
19,270
2,271
6,271
9,271
13,271
15,271
19,271
2,272
5,272
9,272
13,272
15,272
19,272
2,273
6,273
9,273
13,273
15,273
19,273
3,274
6,274
10,274
13,274
16,274
19,274
3,275
6,275
10,275
13,275
15,275
19,275
3,276
6,276
9,276
13,276
16,276
19,276
3,277
6,277
9,277
13,277
15,277
19,277
3,278
6,278
10,278
13,278
15,278
19,278
2,279
6,279
10,279
13,279
15,279
19,279
3,280
6,280
9,280
13,280
15,280
19,280
3,281
6,281
9,281
13,281
15,281
19,281
3,282
6,282
9,282
13,282
15,282
19,282
2,283
6,283
9,283
13,283
15,283
19,283
2,284
6,284
9,284
13,284
15,284
19,284
2,285
6,285
9,285
13,285
15,285
19,285
3,286
6,286
9,286
13,286
15,286
19,286
3,287
6,287
9,287
13,287
15,287
19,287
3,288
6,288
9,288
13,288
15,288
19,288
3,289
6,289
9,289
13,289
15,289
19,289
3,290
6,290
9,290
13,290
15,290
19,290
2,291
6,291
9,291
13,291
15,291
19,291
3,292
6,292
10,292
13,292
15,292
19,292
2,293
6,293
8,293
12,293
15,293
19,293
3,294
6,294
9,294
13,294
15,294
19,294
3,295
6,295
9,295
13,295
15,295
19,295
3,296
6,296
10,296
13,296
15,296
19,296
2,297
6,297
9,297
13,297
15,297
19,297
2,298
6,298
9,298
13,298
15,298
19,298
3,299
6,299
9,299
13,299
15,299
19,299
2,300
6,300
10,300
13,300
15,300
19,300
2,301
4,301
8,301
13,301
16,301
18,301
2,302
6,302
10,302
13,302
15,302
19,302
2,303
6,303
9,303
13,303
15,303
19,303
2,304
6,304
9,304
13,304
15,304
19,304
2,305
6,305
9,305
13,305
15,305
19,305
2,306
6,306
9,306
13,306
15,306
19,306
2,307
6,307
9,307
13,307
15,307
19,307
2,308
6,308
10,308
13,308
15,308
19,308
2,309
5,309
10,309
13,309
15,309
19,309
2,310
6,310
10,310
13,310
15,310
19,310
2,311
6,311
10,311
13,311
15,311
19,311
2,312
5,312
10,312
13,312
15,312
19,312
2,313
5,313
9,313
13,313
15,313
19,313
2,314
6,314
9,314
13,314
15,314
19,314
2,315
5,315
10,315
13,315
15,315
19,315
2,316
4,316
8,316
13,316
15,316
18,316
2,317
5,317
10,317
13,317
15,317
19,317
2,318
4,318
8,318
13,318
15,318
18,318
2,319
4,319
9,319
13,319
15,319
18,319
2,320
4,320
9,320
12,320
15,320
18,320
2,321
6,321
10,321
13,321
15,321
19,321
2,322
6,322
10,322
13,322
15,322
19,322
1,323
4,323
8,323
12,323
15,323
17,323
1,324
4,324
8,324
13,324
15,324
17,324
2,325
4,325
8,325
13,325
15,325
19,325
2,326
4,326
8,326
13,326
15,326
18,326
1,327
4,327
8,327
13,327
15,327
17,327
1,328
4,328
8,328
13,328
15,328
18,328
2,329
4,329
8,329
13,329
15,329
18,329
2,330
4,330
9,330
13,330
15,330
18,330
1,331
4,331
8,331
13,331
15,331
18,331
2,332
5,332
8,332
13,332
15,332
19,332
2,333
5,333
8,333
13,333
15,333
19,333
2,334
4,334
8,334
13,334
15,334
18,334
2,335
4,335
8,335
13,335
15,335
19,335
2,336
5,336
8,336
13,336
15,336
19,336
2,337
4,337
9,337
13,337
15,337
18,337
2,338
5,338
9,338
13,338
15,338
19,338
2,339
5,339
8,339
13,339
15,339
19,339
2,340
5,340
8,340
13,340
15,340
19,340
2,341
6,341
8,341
13,341
15,341
19,341
2,342
4,342
8,342
13,342
15,342
18,342
2,343
4,343
8,343
13,343
15,343
18,343
2,344
5,344
9,344
13,344
15,344
19,344
2,345
5,345
8,345
13,345
15,345
19,345
2,346
4,346
8,346
12,346
15,346
17,346
2,347
5,347
9,347
13,347
15,347
19,347
2,348
5,348
8,348
13,348
15,348
19,348
2,349
4,349
9,349
13,349
15,349
18,349
2,350
4,350
9,350
13,350
15,350
19,350
2,351
5,351
9,351
13,351
15,351
19,351
2,352
6,352
9,352
13,352
15,352
19,352
2,353
6,353
9,353
13,353
15,353
19,353
2,354
6,354
9,354
13,354
15,354
19,354
2,355
6,355
9,355
13,355
15,355
19,355
2,356
6,356
9,356
13,356
15,356
19,356
2,357
6,357
10,357
13,357
15,357
19,357
2,358
6,358
9,358
13,358
15,358
19,358
2,359
5,359
9,359
12,359
15,359
19,359
2,360
6,360
9,360
13,360
15,360
19,360
2,361
6,361
9,361
13,361
15,361
19,361
2,362
5,362
9,362
13,362
15,362
19,362
2,363
6,363
10,363
13,363
15,363
19,363
2,364
6,364
10,364
13,364
15,364
19,364
2,365
6,365
10,365
13,365
15,365
19,365
2,366
6,366
10,366
13,366
15,366
19,366
2,367
6,367
10,367
13,367
15,367
19,367
2,368
6,368
10,368
13,368
15,368
19,368
2,369
6,369
9,369
13,369
15,369
19,369
3,370
6,370
9,370
13,370
15,370
19,370
3,371
6,371
9,371
13,371
15,371
19,371
3,372
6,372
9,372
13,372
15,372
19,372
3,373
6,373
9,373
13,373
15,373
19,373
3,374
6,374
9,374
13,374
15,374
19,374
3,375
6,375
9,375
13,375
15,375
19,375
3,376
6,376
9,376
13,376
15,376
19,376
3,377
6,377
9,377
13,377
15,377
19,377
3,378
6,378
9,378
13,378
15,378
19,378
2,379
5,379
9,379
13,379
15,379
19,379
2,380
6,380
9,380
13,380
15,380
19,380
2,381
6,381
9,381
13,381
15,381
19,381
2,382
6,382
9,382
13,382
15,382
19,382
2,383
5,383
10,383
13,383
15,383
19,383
2,384
6,384
10,384
12,384
15,384
19,384
2,385
6,385
9,385
13,385
15,385
19,385
3,386
6,386
9,386
13,386
15,386
19,386
3,387
6,387
10,387
13,387
15,387
19,387
2,388
6,388
10,388
13,388
15,388
19,388
2,389
6,389
10,389
13,389
15,389
19,389
2,390
5,390
10,390
13,390
15,390
19,390
2,391
6,391
10,391
13,391
15,391
19,391
2,392
6,392
10,392
13,392
15,392
19,392
3,393
6,393
9,393
13,393
15,393
19,393
2,394
6,394
9,394
13,394
15,394
19,394
3,395
6,395
9,395
13,395
15,395
19,395
3,396
6,396
9,396
13,396
15,396
19,396
3,397
6,397
9,397
13,397
15,397
19,397
2,398
6,398
10,398
13,398
15,398
19,398
2,399
6,399
10,399
13,399
15,399
19,399
2,400
6,400
9,400
13,400
15,400
19,400
2,401
6,401
10,401
13,401
15,401
19,401
2,402
6,402
9,402
13,402
15,402
19,402
3,403
6,403
9,403
13,403
15,403
19,403
2,404
6,404
9,404
13,404
15,404
19,404
2,405
6,405
10,405
13,405
15,405
19,405
2,406
6,406
9,406
13,406
15,406
19,406
2,407
6,407
10,407
13,407
15,407
19,407
2,408
6,408
9,408
13,408
15,408
19,408
3,409
6,409
10,409
13,409
15,409
19,409
2,410
6,410
10,410
13,410
16,410
19,410
2,411
6,411
10,411
13,411
16,411
19,411
2,412
5,412
8,412
12,412
16,412
19,412
1,413
4,413
8,413
13,413
15,413
17,413
1,414
4,414
8,414
13,414
15,414
18,414
1,415
4,415
8,415
13,415
15,415
17,415
1,416
4,416
8,416
13,416
15,416
17,416
1,417
4,417
9,417
13,417
15,417
18,417
2,418
5,418
10,418
13,418
16,418
19,418
2,419
6,419
10,419
13,419
15,419
19,419
2,420
5,420
10,420
13,420
15,420
19,420
2,421
6,421
10,421
13,421
15,421
19,421
2,422
6,422
10,422
13,422
15,422
19,422
2,423
6,423
10,423
13,423
15,423
19,423
3,424
6,424
10,424
13,424
15,424
19,424
2,425
6,425
10,425
13,425
16,425
19,425
2,426
5,426
8,426
13,426
15,426
18,426
2,427
4,427
9,427
13,427
15,427
18,427
2,428
5,428
9,428
13,428
16,428
18,428
2,429
4,429
9,429
13,429
15,429
18,429
2,430
5,430
9,430
13,430
15,430
19,430
2,431
4,431
9,431
13,431
15,431
18,431
2,432
5,432
9,432
13,432
15,432
19,432
2,433
5,433
10,433
13,433
15,433
18,433
2,434
5,434
10,434
13,434
15,434
19,434
2,435
6,435
10,435
13,435
15,435
19,435
2,436
4,436
9,436
13,436
15,436
18,436
2,437
5,437
9,437
13,437
15,437
19,437
2,438
6,438
9,438
13,438
15,438
19,438
2,439
4,439
9,439
13,439
15,439
18,439
2,440
5,440
9,440
13,440
15,440
19,440
2,441
6,441
10,441
13,441
16,441
19,441
2,442
5,442
10,442
13,442
16,442
18,442
2,443
5,443
9,443
13,443
16,443
19,443
2,444
5,444
9,444
13,444
15,444
19,444
2,445
6,445
10,445
13,445
16,445
19,445
2,446
6,446
10,446
13,446
16,446
19,446
2,447
5,447
10,447
13,447
15,447
18,447
2,448
5,448
10,448
13,448
15,448
19,448
2,449
6,449
10,449
13,449
15,449
19,449
2,450
4,450
9,450
13,450
15,450
19,450
2,451
6,451
10,451
13,451
15,451
19,451
2,452
5,452
10,452
13,452
15,452
19,452
2,453
5,453
10,453
13,453
15,453
19,453
2,454
4,454
9,454
12,454
15,454
18,454
2,455
6,455
9,455
12,455
15,455
19,455
2,456
6,456
9,456
13,456
15,456
19,456
2,457
5,457
10,457
13,457
15,457
19,457
2,458
6,458
10,458
13,458
15,458
19,458
2,459
5,459
10,459
13,459
15,459
19,459
2,460
6,460
10,460
13,460
15,460
19,460
2,461
6,461
9,461
13,461
15,461
19,461
2,462
5,462
10,462
12,462
15,462
19,462
2,463
5,463
9,463
12,463
15,463
19,463
2,464
5,464
10,464
13,464
15,464
18,464
2,465
5,465
10,465
13,465
15,465
18,465
2,466
6,466
10,466
12,466
15,466
19,466
2,467
4,467
10,467
12,467
15,467
19,467
2,468
6,468
10,468
12,468
15,468
19,468
2,469
4,469
9,469
13,469
15,469
19,469
2,470
6,470
9,470
13,470
15,470
19,470
2,471
4,471
9,471
13,471
15,471
18,471
2,472
5,472
9,472
13,472
15,472
19,472
2,473
5,473
10,473
13,473
15,473
19,473
2,474
6,474
10,474
13,474
15,474
19,474
2,475
5,475
10,475
12,475
15,475
19,475
2,476
6,476
10,476
12,476
15,476
19,476
2,477
4,477
9,477
13,477
15,477
18,477
2,478
5,478
9,478
13,478
15,478
19,478
2,479
5,479
9,479
13,479
15,479
19,479
2,480
6,480
9,480
13,480
15,480
19,480
2,481
5,481
10,481
13,481
15,481
19,481
2,482
6,482
10,482
13,482
15,482
19,482
2,483
5,483
9,483
12,483
15,483
19,483
2,484
6,484
9,484
12,484
15,484
19,484
2,485
6,485
9,485
12,485
15,485
19,485
2,486
4,486
9,486
13,486
15,486
18,486
2,487
4,487
9,487
13,487
15,487
19,487
2,488
5,488
9,488
13,488
15,488
19,488
2,489
4,489
9,489
13,489
15,489
18,489
2,490
5,490
9,490
13,490
15,490
19,490
1,491
4,491
8,491
12,491
15,491
17,491
1,492
4,492
8,492
13,492
15,492
17,492
1,493
4,493
8,493
13,493
15,493
17,493
1,494
4,494
8,494
13,494
15,494
18,494
1,495
4,495
8,495
12,495
15,495
17,495
1,496
4,496
8,496
13,496
15,496
17,496
1,497
4,497
9,497
13,497
15,497
18,497
1,498
4,498
8,498
12,498
15,498
17,498
1,499
4,499
8,499
13,499
15,499
17,499
1,500
4,500
8,500
13,500
15,500
17,500
1,501
4,501
8,501
13,501
15,501
17,501
1,502
4,502
8,502
13,502
15,502
18,502
1,503
4,503
8,503
13,503
15,503
17,503
1,504
4,504
8,504
13,504
15,504
18,504
1,505
4,505
8,505
13,505
15,505
18,505
1,506
4,506
9,506
13,506
15,506
17,506
1,507
4,507
9,507
13,507
15,507
18,507
2,508
4,508
9,508
13,508
15,508
18,508
2,509
4,509
9,509
13,509
15,509
19,509
2,510
5,510
9,510
13,510
15,510
19,510
1,511
4,511
8,511
13,511
16,511
17,511
2,512
6,512
9,512
13,512
15,512
19,512
3,513
6,513
9,513
13,513
15,513
19,513
3,514
6,514
9,514
13,514
15,514
19,514
3,515
6,515
9,515
13,515
15,515
19,515
2,516
6,516
10,516
13,516
15,516
19,516
2,517
6,517
9,517
13,517
15,517
19,517
2,518
6,518
10,518
13,518
15,518
19,518
2,519
6,519
9,519
13,519
15,519
19,519
2,520
5,520
10,520
13,520
15,520
19,520
2,521
6,521
10,521
13,521
15,521
19,521
2,522
6,522
10,522
13,522
15,522
19,522
2,523
6,523
9,523
13,523
15,523
19,523
2,524
6,524
9,524
13,524
15,524
19,524
2,525
6,525
10,525
13,525
15,525
19,525
2,526
4,526
9,526
13,526
16,526
18,526
2,527
5,527
9,527
13,527
15,527
19,527
2,528
6,528
9,528
13,528
15,528
19,528
2,529
4,529
9,529
13,529
15,529
18,529
2,530
5,530
9,530
13,530
15,530
19,530
2,531
5,531
9,531
13,531
15,531
19,531
2,532
4,532
9,532
13,532
15,532
19,532
2,533
4,533
9,533
13,533
15,533
18,533
2,534
5,534
9,534
12,534
15,534
19,534
2,535
6,535
9,535
12,535
15,535
19,535
2,536
4,536
9,536
13,536
16,536
18,536
2,537
4,537
9,537
13,537
15,537
18,537
2,538
4,538
9,538
13,538
15,538
19,538
1,539
4,539
8,539
13,539
15,539
17,539
1,540
4,540
8,540
13,540
15,540
18,540
1,541
4,541
8,541
13,541
15,541
17,541
1,542
4,542
8,542
13,542
15,542
18,542
1,543
4,543
8,543
13,543
15,543
19,543
2,544
5,544
9,544
13,544
15,544
19,544
2,545
4,545
9,545
13,545
15,545
19,545
2,546
5,546
9,546
13,546
15,546
19,546
2,547
6,547
10,547
13,547
15,547
19,547
2,548
6,548
10,548
13,548
15,548
19,548
2,549
6,549
10,549
13,549
15,549
19,549
2,550
4,550
10,550
12,550
15,550
18,550
1,551
4,551
9,551
13,551
15,551
18,551
2,552
5,552
10,552
13,552
15,552
19,552
2,553
5,553
10,553
13,553
15,553
19,553
3,554
6,554
10,554
13,554
15,554
19,554
3,555
6,555
10,555
13,555
15,555
19,555
1,556
4,556
8,556
12,556
14,556
17,556
1,557
4,557
9,557
13,557
15,557
17,557
2,558
4,558
9,558
13,558
15,558
18,558
1,559
4,559
8,559
13,559
15,559
17,559
1,560
4,560
8,560
13,560
15,560
17,560
2,561
4,561
9,561
13,561
15,561
18,561
2,562
4,562
9,562
13,562
15,562
19,562
1,563
4,563
8,563
13,563
15,563
17,563
1,564
4,564
8,564
13,564
15,564
18,564
2,565
4,565
8,565
13,565
15,565
19,565
2,566
4,566
9,566
13,566
15,566
18,566
2,567
4,567
9,567
13,567
15,567
19,567
2,568
4,568
9,568
13,568
15,568
18,568
1,569
4,569
8,569
12,569
15,569
17,569
2,570
4,570
9,570
13,570
15,570
18,570
2,571
5,571
9,571
13,571
15,571
19,571
2,572
4,572
9,572
13,572
15,572
18,572
2,573
4,573
9,573
13,573
15,573
19,573
2,574
5,574
9,574
13,574
15,574
19,574
2,575
4,575
9,575
13,575
15,575
18,575
2,576
4,576
9,576
13,576
15,576
18,576
2,577
5,577
9,577
13,577
15,577
19,577
2,578
6,578
9,578
13,578
15,578
19,578
2,579
5,579
9,579
13,579
15,579
18,579
2,580
5,580
9,580
13,580
15,580
19,580
2,581
5,581
9,581
12,581
15,581
19,581
2,582
5,582
9,582
13,582
15,582
19,582
2,583
5,583
9,583
13,583
15,583
19,583
2,584
6,584
9,584
13,584
15,584
19,584
2,585
5,585
9,585
13,585
15,585
19,585
2,586
6,586
9,586
13,586
15,586
19,586
2,587
5,587
9,587
12,587
15,587
18,587
2,588
5,588
10,588
12,588
15,588
19,588
2,589
6,589
10,589
12,589
15,589
19,589
2,590
5,590
9,590
13,590
15,590
19,590
2,591
5,591
9,591
12,591
15,591
19,591
2,592
6,592
9,592
12,592
15,592
19,592
2,593
5,593
9,593
13,593
15,593
19,593
2,594
4,594
8,594
12,594
15,594
18,594
2,595
4,595
9,595
12,595
15,595
19,595
2,596
5,596
10,596
13,596
15,596
19,596
2,597
6,597
10,597
13,597
15,597
19,597
2,598
6,598
10,598
13,598
15,598
19,598
2,599
5,599
10,599
13,599
15,599
19,599
2,600
6,600
10,600
13,600
15,600
19,600
2,601
5,601
9,601
12,601
15,601
19,601
2,602
4,602
9,602
12,602
15,602
18,602
2,603
6,603
10,603
13,603
15,603
19,603
3,604
6,604
10,604
13,604
15,604
19,604
3,605
6,605
10,605
13,605
15,605
19,605
3,606
6,606
10,606
13,606
15,606
19,606
3,607
6,607
10,607
13,607
15,607
19,607
2,608
5,608
10,608
13,608
15,608
19,608
2,609
5,609
10,609
13,609
15,609
19,609
2,610
5,610
9,610
12,610
15,610
19,610
3,611
6,611
9,611
13,611
15,611
19,611
1,612
4,612
8,612
13,612
15,612
18,612
2,613
4,613
9,613
13,613
16,613
18,613
2,614
4,614
9,614
13,614
16,614
18,614
2,615
4,615
9,615
13,615
16,615
19,615
2,616
4,616
9,616
13,616
15,616
18,616
2,617
4,617
9,617
12,617
16,617
18,617
2,618
5,618
9,618
12,618
16,618
19,618
2,619
4,619
9,619
13,619
15,619
19,619
2,620
5,620
9,620
13,620
15,620
19,620
2,621
4,621
9,621
13,621
15,621
19,621
2,622
5,622
10,622
12,622
16,622
19,622
2,623
5,623
10,623
13,623
15,623
19,623
2,624
6,624
10,624
13,624
15,624
19,624
2,625
5,625
10,625
13,625
16,625
19,625
1,626
4,626
8,626
13,626
15,626
18,626
1,627
4,627
8,627
13,627
15,627
19,627
2,628
4,628
9,628
13,628
16,628
18,628
2,629
5,629
9,629
13,629
16,629
19,629
2,630
4,630
9,630
13,630
16,630
18,630
2,631
5,631
9,631
13,631
15,631
19,631
2,632
4,632
9,632
13,632
15,632
18,632
2,633
4,633
9,633
13,633
16,633
18,633
2,634
4,634
9,634
12,634
16,634
18,634
2,635
4,635
10,635
12,635
16,635
18,635
2,636
5,636
10,636
12,636
16,636
19,636
2,637
4,637
10,637
12,637
16,637
18,637
2,638
5,638
10,638
12,638
16,638
19,638
2,639
5,639
9,639
13,639
16,639
19,639
2,640
6,640
9,640
13,640
16,640
19,640
2,641
5,641
10,641
13,641
16,641
19,641
2,642
6,642
10,642
13,642
16,642
19,642
2,643
5,643
10,643
13,643
16,643
19,643
2,644
6,644
10,644
13,644
15,644
19,644
2,645
5,645
10,645
13,645
15,645
19,645
2,646
6,646
10,646
13,646
15,646
19,646
2,647
5,647
10,647
13,647
16,647
19,647
2,648
5,648
10,648
13,648
16,648
19,648
2,649
5,649
8,649
13,649
15,649
19,649
3,650
6,650
8,650
13,650
15,650
19,650
3,651
6,651
8,651
13,651
15,651
19,651
3,652
6,652
10,652
13,652
15,652
19,652
3,653
6,653
10,653
13,653
15,653
19,653
3,654
6,654
8,654
13,654
15,654
19,654
3,655
6,655
8,655
12,655
15,655
19,655
3,656
6,656
10,656
12,656
15,656
19,656
3,657
6,657
10,657
12,657
15,657
19,657
2,658
6,658
8,658
13,658
15,658
19,658
2,659
6,659
8,659
13,659
15,659
19,659
3,660
6,660
10,660
13,660
15,660
19,660
3,661
6,661
10,661
13,661
15,661
19,661
3,662
6,662
10,662
13,662
15,662
19,662
3,663
6,663
10,663
12,663
15,663
19,663
2,664
6,664
8,664
12,664
15,664
19,664
3,665
6,665
8,665
12,665
15,665
19,665
3,666
6,666
10,666
13,666
15,666
19,666
3,667
6,667
10,667
13,667
15,667
19,667
3,668
6,668
10,668
13,668
15,668
19,668
3,669
6,669
9,669
12,669
15,669
19,669
3,670
6,670
9,670
12,670
15,670
19,670
3,671
6,671
8,671
12,671
15,671
19,671
3,672
6,672
9,672
13,672
15,672
19,672
3,673
6,673
9,673
13,673
15,673
19,673
3,674
6,674
10,674
13,674
15,674
19,674
3,675
6,675
10,675
13,675
15,675
19,675
3,676
6,676
10,676
13,676
15,676
19,676
3,677
6,677
9,677
12,677
15,677
19,677
3,678
6,678
10,678
13,678
15,678
19,678
3,679
6,679
9,679
13,679
15,679
19,679
3,680
6,680
10,680
13,680
15,680
19,680
3,681
6,681
10,681
13,681
16,681
19,681
2,682
5,682
8,682
12,682
15,682
19,682
3,683
6,683
8,683
13,683
15,683
19,683
3,684
6,684
8,684
13,684
15,684
19,684
3,685
6,685
8,685
13,685
15,685
19,685
3,686
6,686
9,686
13,686
15,686
19,686
3,687
6,687
9,687
13,687
15,687
19,687
3,688
6,688
9,688
13,688
15,688
19,688
3,689
6,689
8,689
13,689
15,689
19,689
3,690
6,690
8,690
13,690
15,690
19,690
2,691
4,691
8,691
12,691
15,691
19,691
2,692
5,692
8,692
12,692
15,692
18,692
3,693
6,693
8,693
12,693
15,693
19,693
3,694
6,694
8,694
12,694
15,694
19,694
2,695
6,695
9,695
13,695
15,695
19,695
2,696
4,696
8,696
12,696
15,696
18,696
3,697
6,697
8,697
13,697
15,697
19,697
1,698
4,698
8,698
12,698
14,698
17,698
2,699
4,699
9,699
13,699
15,699
19,699
2,700
5,700
10,700
13,700
15,700
19,700
2,701
5,701
9,701
13,701
15,701
19,701
2,702
6,702
10,702
13,702
15,702
19,702
2,703
6,703
10,703
13,703
15,703
19,703
2,704
6,704
10,704
13,704
15,704
19,704
2,705
5,705
9,705
13,705
15,705
19,705
2,706
6,706
9,706
13,706
15,706
19,706
2,707
6,707
9,707
13,707
15,707
19,707
2,708
6,708
10,708
13,708
16,708
19,708
3,709
6,709
9,709
13,709
16,709
19,709
1,710
4,710
8,710
12,710
15,710
17,710
1,711
4,711
8,711
13,711
15,711
17,711
2,712
4,712
9,712
13,712
16,712
18,712
1,713
4,713
9,713
13,713
16,713
18,713
2,714
5,714
9,714
13,714
16,714
19,714
2,715
6,715
9,715
13,715
16,715
19,715
2,716
6,716
9,716
13,716
16,716
19,716
2,717
6,717
9,717
13,717
16,717
19,717
2,718
5,718
8,718
13,718
16,718
19,718
2,719
4,719
9,719
13,719
16,719
19,719
1,720
4,720
8,720
13,720
15,720
18,720
1,721
4,721
9,721
13,721
15,721
18,721
1,722
4,722
8,722
13,722
15,722
18,722
1,723
4,723
8,723
13,723
15,723
18,723
1,724
4,724
9,724
13,724
15,724
18,724
1,725
5,725
8,725
13,725
15,725
19,725
1,726
4,726
8,726
13,726
15,726
18,726
1,727
4,727
8,727
13,727
15,727
18,727
1,728
4,728
9,728
13,728
15,728
18,728
1,729
4,729
9,729
13,729
15,729
18,729
1,730
4,730
8,730
13,730
15,730
17,730
1,731
4,731
8,731
13,731
15,731
17,731
3,732
6,732
9,732
13,732
15,732
19,732
3,733
4,733
8,733
11,733
14,733
18,733
2,734
6,734
9,734
12,734
15,734
19,734
2,735
6,735
10,735
13,735
15,735
19,735
2,736
6,736
9,736
13,736
15,736
19,736
3,737
6,737
9,737
13,737
15,737
19,737
2,738
4,738
9,738
13,738
15,738
19,738
2,739
5,739
9,739
13,739
15,739
19,739
2,740
6,740
9,740
13,740
15,740
19,740
2,741
4,741
9,741
13,741
15,741
19,741
2,742
5,742
9,742
13,742
15,742
19,742
2,743
6,743
9,743
13,743
15,743
19,743
2,744
5,744
10,744
13,744
15,744
19,744
2,745
6,745
10,745
13,745
15,745
19,745
2,746
4,746
9,746
13,746
15,746
19,746
2,747
5,747
9,747
13,747
15,747
19,747
2,748
4,748
9,748
13,748
15,748
18,748
2,749
6,749
10,749
13,749
15,749
19,749
2,750
6,750
9,750
13,750
15,750
19,750
2,751
6,751
9,751
13,751
16,751
19,751
2,752
6,752
10,752
13,752
15,752
19,752
1,753
4,753
8,753
13,753
15,753
18,753
2,754
5,754
8,754
13,754
15,754
18,754
1,755
5,755
8,755
13,755
15,755
18,755
2,756
4,756
8,756
12,756
15,756
19,756
2,757
6,757
9,757
12,757
15,757
19,757
2,758
6,758
9,758
13,758
15,758
19,758
2,759
6,759
10,759
13,759
15,759
19,759
2,760
6,760
10,760
13,760
15,760
19,760
2,761
6,761
9,761
13,761
15,761
19,761
2,762
6,762
10,762
13,762
15,762
19,762
2,763
6,763
10,763
13,763
15,763
19,763
2,764
6,764
10,764
13,764
15,764
19,764
2,765
6,765
10,765
13,765
15,765
19,765
2,766
6,766
10,766
13,766
15,766
19,766
2,767
6,767
10,767
13,767
15,767
19,767
2,768
6,768
10,768
13,768
15,768
19,768
2,769
6,769
10,769
13,769
15,769
19,769
2,770
6,770
10,770
13,770
15,770
19,770
2,771
6,771
9,771
13,771
15,771
19,771
2,772
6,772
10,772
13,772
15,772
19,772
2,773
6,773
10,773
13,773
15,773
19,773
2,774
6,774
10,774
13,774
15,774
19,774
2,775
6,775
10,775
13,775
15,775
19,775
2,776
6,776
10,776
13,776
15,776
19,776
3,777
6,777
10,777
13,777
15,777
19,777
2,778
6,778
10,778
13,778
15,778
19,778
3,779
6,779
10,779
13,779
15,779
19,779
2,780
6,780
10,780
13,780
15,780
19,780
2,781
6,781
10,781
13,781
15,781
19,781
3,782
6,782
9,782
13,782
15,782
19,782
3,783
6,783
9,783
13,783
15,783
19,783
3,784
6,784
9,784
13,784
15,784
19,784
3,785
6,785
9,785
13,785
15,785
19,785
3,786
6,786
9,786
13,786
15,786
19,786
3,787
6,787
9,787
13,787
15,787
19,787
3,788
6,788
9,788
13,788
15,788
19,788
3,789
6,789
9,789
13,789
15,789
19,789
3,790
6,790
9,790
13,790
15,790
19,790
3,791
6,791
9,791
13,791
15,791
19,791
3,792
6,792
10,792
13,792
15,792
19,792
3,793
6,793
10,793
13,793
15,793
19,793
1,794
4,794
8,794
13,794
15,794
17,794
1,795
4,795
8,795
13,795
15,795
17,795
1,796
4,796
8,796
13,796
15,796
17,796
1,797
4,797
8,797
13,797
15,797
17,797
1,798
4,798
8,798
13,798
15,798
17,798
2,799
4,799
8,799
13,799
15,799
19,799
2,800
6,800
9,800
12,800
15,800
19,800
1,801
4,801
8,801
12,801
15,801
17,801
2,802
4,802
8,802
12,802
15,802
18,802
1,803
4,803
8,803
13,803
15,803
17,803
2,804
4,804
8,804
13,804
15,804
18,804
2,805
4,805
8,805
12,805
15,805
18,805
1,806
4,806
8,806
13,806
15,806
17,806
2,807
4,807
8,807
13,807
15,807
18,807
1,808
4,808
8,808
13,808
15,808
17,808
1,809
4,809
8,809
13,809
15,809
17,809
2,810
4,810
8,810
13,810
15,810
18,810
2,811
4,811
8,811
13,811
15,811
18,811
2,812
4,812
8,812
13,812
15,812
19,812
2,813
4,813
8,813
13,813
15,813
18,813
1,814
4,814
8,814
13,814
15,814
18,814
2,815
4,815
8,815
13,815
15,815
18,815
2,816
4,816
8,816
13,816
15,816
18,816
2,817
4,817
9,817
13,817
15,817
19,817
2,818
4,818
9,818
13,818
15,818
19,818
2,819
4,819
9,819
13,819
15,819
18,819
2,820
5,820
9,820
13,820
15,820
19,820
2,821
6,821
9,821
13,821
15,821
19,821
1,822
4,822
8,822
11,822
14,822
17,822
2,823
4,823
8,823
12,823
15,823
19,823
2,824
6,824
9,824
13,824
15,824
19,824
2,825
6,825
9,825
13,825
15,825
19,825
2,826
6,826
9,826
13,826
15,826
19,826
2,827
4,827
8,827
13,827
15,827
19,827
2,828
6,828
10,828
13,828
15,828
19,828
2,829
4,829
8,829
13,829
16,829
19,829
2,830
6,830
9,830
13,830
15,830
19,830
2,831
4,831
9,831
13,831
15,831
19,831
2,832
4,832
8,832
12,832
14,832
17,832
2,833
4,833
9,833
13,833
15,833
19,833
2,834
6,834
9,834
13,834
16,834
19,834
2,835
4,835
8,835
12,835
15,835
17,835
2,836
6,836
10,836
13,836
15,836
19,836
2,837
6,837
9,837
13,837
16,837
19,837
2,838
6,838
9,838
13,838
15,838
19,838
2,839
6,839
9,839
13,839
15,839
19,839
2,840
5,840
9,840
13,840
15,840
19,840
2,841
6,841
9,841
13,841
15,841
19,841
1,842
4,842
8,842
12,842
15,842
17,842
2,843
4,843
8,843
12,843
15,843
17,843
2,844
4,844
8,844
12,844
15,844
18,844
2,845
6,845
10,845
13,845
16,845
19,845
2,846
5,846
10,846
13,846
15,846
19,846
2,847
6,847
10,847
13,847
15,847
19,847
2,848
6,848
10,848
13,848
15,848
19,848
2,849
5,849
10,849
13,849
15,849
19,849
3,850
6,850
9,850
13,850
15,850
19,850
3,851
6,851
9,851
13,851
15,851
19,851
3,852
6,852
9,852
13,852
15,852
19,852
3,853
6,853
9,853
13,853
15,853
19,853
3,854
6,854
10,854
13,854
15,854
19,854
3,855
6,855
10,855
13,855
15,855
19,855
3,856
6,856
9,856
12,856
15,856
19,856
3,857
6,857
10,857
13,857
15,857
19,857
3,858
6,858
10,858
13,858
15,858
19,858
3,859
6,859
9,859
13,859
15,859
19,859
2,860
6,860
9,860
13,860
15,860
19,860
2,861
6,861
10,861
13,861
15,861
19,861
3,862
6,862
10,862
13,862
15,862
19,862
2,863
5,863
10,863
13,863
15,863
19,863
2,864
6,864
10,864
13,864
15,864
19,864
2,865
6,865
10,865
13,865
15,865
19,865
2,866
5,866
10,866
13,866
15,866
19,866
2,867
6,867
10,867
13,867
15,867
19,867
2,868
5,868
10,868
13,868
16,868
19,868
2,869
6,869
10,869
13,869
15,869
19,869
2,870
5,870
9,870
13,870
15,870
19,870
2,871
6,871
9,871
13,871
15,871
19,871
2,872
6,872
10,872
13,872
15,872
19,872
3,873
6,873
9,873
12,873
15,873
19,873
3,874
6,874
10,874
13,874
15,874
19,874
3,875
6,875
10,875
13,875
16,875
19,875
3,876
6,876
9,876
13,876
15,876
19,876
2,877
5,877
8,877
12,877
15,877
18,877
2,878
5,878
8,878
12,878
15,878
19,878
1,879
4,879
9,879
13,879
16,879
18,879
2,880
5,880
9,880
13,880
16,880
19,880
2,881
6,881
9,881
13,881
16,881
19,881
2,882
4,882
9,882
13,882
16,882
18,882
2,883
5,883
9,883
13,883
16,883
19,883
2,884
4,884
9,884
13,884
15,884
19,884
1,885
4,885
8,885
13,885
15,885
17,885
1,886
4,886
8,886
13,886
15,886
18,886
2,887
5,887
8,887
13,887
15,887
19,887
1,888
5,888
8,888
13,888
15,888
19,888
2,889
4,889
9,889
13,889
16,889
18,889
2,890
4,890
9,890
13,890
16,890
19,890
2,891
4,891
9,891
13,891
15,891
18,891
2,892
5,892
9,892
13,892
15,892
19,892
2,893
4,893
9,893
13,893
15,893
18,893
2,894
5,894
9,894
13,894
15,894
19,894
2,895
5,895
10,895
13,895
16,895
19,895
2,896
4,896
9,896
13,896
15,896
19,896
2,897
4,897
8,897
12,897
15,897
18,897
1,898
4,898
8,898
13,898
15,898
18,898
1,899
4,899
8,899
13,899
15,899
18,899
2,900
5,900
8,900
13,900
15,900
19,900
2,901
4,901
9,901
13,901
16,901
18,901
1,902
4,902
8,902
13,902
15,902
17,902
2,903
5,903
8,903
13,903
15,903
19,903
1,904
4,904
8,904
13,904
15,904
17,904
1,905
4,905
8,905
13,905
15,905
19,905
1,906
4,906
8,906
13,906
15,906
18,906
1,907
4,907
8,907
13,907
15,907
17,907
1,908
4,908
8,908
13,908
15,908
17,908
1,909
4,909
8,909
13,909
15,909
17,909
3,910
6,910
9,910
12,910
15,910
19,910
2,911
6,911
9,911
13,911
16,911
19,911
2,912
6,912
10,912
13,912
15,912
19,912
2,913
6,913
10,913
13,913
16,913
19,913
2,914
5,914
10,914
13,914
16,914
19,914
2,915
6,915
10,915
13,915
16,915
19,915
3,916
6,916
9,916
13,916
15,916
19,916
2,917
6,917
10,917
13,917
15,917
19,917
2,918
6,918
9,918
13,918
16,918
19,918
2,919
6,919
9,919
13,919
16,919
19,919
2,920
4,920
9,920
13,920
15,920
18,920
2,921
5,921
9,921
13,921
15,921
19,921
2,922
4,922
9,922
13,922
15,922
19,922
1,923
4,923
9,923
13,923
16,923
18,923
2,924
4,924
9,924
13,924
16,924
19,924
2,925
5,925
9,925
13,925
16,925
19,925
2,926
5,926
10,926
13,926
16,926
19,926
2,927
5,927
10,927
13,927
15,927
19,927
2,928
5,928
10,928
13,928
16,928
18,928
2,929
5,929
10,929
13,929
16,929
19,929
2,930
5,930
10,930
13,930
15,930
18,930
2,931
5,931
10,931
13,931
15,931
19,931
2,932
6,932
10,932
13,932
15,932
19,932
2,933
4,933
9,933
13,933
15,933
18,933
2,934
5,934
9,934
13,934
15,934
19,934
2,935
4,935
9,935
13,935
15,935
18,935
2,936
5,936
9,936
13,936
15,936
19,936
2,937
5,937
9,937
13,937
15,937
18,937
2,938
4,938
9,938
13,938
15,938
19,938
2,939
5,939
10,939
13,939
15,939
19,939
2,940
5,940
10,940
13,940
15,940
18,940
2,941
5,941
10,941
13,941
16,941
19,941
2,942
5,942
10,942
13,942
15,942
19,942
2,943
6,943
10,943
13,943
15,943
19,943
2,944
6,944
10,944
13,944
15,944
19,944
2,945
4,945
9,945
13,945
15,945
19,945
2,946
4,946
8,946
13,946
15,946
19,946
2,947
5,947
10,947
13,947
15,947
18,947
2,948
5,948
10,948
13,948
15,948
19,948
2,949
6,949
10,949
13,949
15,949
19,949
2,950
5,950
10,950
13,950
15,950
18,950
2,951
5,951
9,951
13,951
15,951
18,951
2,952
5,952
9,952
13,952
15,952
19,952
2,953
6,953
9,953
13,953
15,953
19,953
2,954
5,954
10,954
13,954
16,954
19,954
2,955
4,955
9,955
13,955
15,955
19,955
2,956
5,956
9,956
13,956
15,956
19,956
2,957
4,957
9,957
13,957
15,957
18,957
2,958
6,958
10,958
13,958
15,958
19,958
2,959
6,959
10,959
13,959
15,959
19,959
2,960
6,960
9,960
13,960
15,960
19,960
2,961
6,961
9,961
13,961
15,961
19,961
2,962
5,962
9,962
13,962
15,962
19,962
2,963
5,963
9,963
13,963
15,963
19,963
2,964
5,964
10,964
13,964
16,964
19,964
2,965
6,965
10,965
13,965
15,965
19,965
2,966
6,966
10,966
13,966
15,966
19,966
2,967
5,967
10,967
13,967
15,967
19,967
2,968
6,968
9,968
13,968
15,968
19,968
2,969
5,969
10,969
13,969
15,969
18,969
2,970
5,970
10,970
13,970
15,970
19,970
2,971
5,971
10,971
13,971
16,971
19,971
2,972
4,972
8,972
12,972
15,972
18,972
1,973
4,973
9,973
12,973
15,973
18,973
2,974
5,974
10,974
13,974
15,974
18,974
2,975
4,975
9,975
13,975
16,975
18,975
2,976
4,976
9,976
13,976
16,976
18,976
2,977
4,977
9,977
13,977
16,977
19,977
2,978
5,978
10,978
13,978
16,978
18,978
2,979
5,979
9,979
13,979
15,979
19,979
3,980
6,980
10,980
13,980
15,980
19,980
